福島県伊達郡桑折町大字北半田西ノ内,0
秋田県鹿角市花輪百合沢,0
三重県桑名市筒尾六丁目,0
北海道旭川市神楽四条九丁目,0
愛知県知多郡南知多町大字内海中浜,0
愛知県あま市七宝町沖之島九之坪,0
福島県郡山市三穂田町八幡兵次郎,0
岐阜県大垣市多芸島一丁目,0
山形県東根市一本木二丁目,0
神奈川県横須賀市芦名二丁目,0
岩手県北上市和賀町煤孫十六地割,0
福島県いわき市平中平窪桂進,0
愛知県安城市城ヶ入町荒子,0
愛知県名古屋市中川区中島新町二丁目,0
三重県桑名市福江町,0
北海道旭川市九条通二十二丁目,0
愛知県知多郡阿久比町大字草木草石根,0
岩手県胆沢郡金ケ崎町西根小針山,0
富山県中新川郡上市町四葉台,0
北海道白糠郡白糠町東三条北十一丁目,0
福島県郡山市田村町上行合宮耕地,0
愛知県知多市佐布里西之脇,0
岩手県大船渡市立根町寒風,0
兵庫県朝来市和田山町東谷妙見谷,0
埼玉県越谷市越ヶ谷五丁目,0
石川県金沢市堅田町ヘ,0
愛知県刈谷市港町七丁目,0
愛知県丹羽郡大口町丸一丁目,0
北海道紋別郡興部町字興部春日町,0
長野県大町市八坂菖蒲,0
愛知県知多郡南知多町大字大井丘ノ下,0
北海道士別市東四条北四丁目,0
愛知県豊橋市賀茂町塞神,0
奈良県生駒郡斑鳩町興留二丁目,0
愛知県岡崎市中町東丸根,0
石川県能美市末信町ホ,0
秋田県横手市増田町亀田柳原,0
宮城県亘理郡山元町高瀬北中須賀,0
石川県珠洲市上戸町寺社ハ,0
愛知県一宮市千秋町一色屋敷地,0
福島県郡山市御前南五丁目,0
北海道網走市駒場南三丁目,0
北海道岩見沢市七条東三丁目,0
北海道石狩市花川東一条三丁目,0
奈良県奈良市六条西三丁目,0
福島県相馬郡新地町大字福田一ツ滝,0
宮城県栗原市築館宮野中央二丁目,0
岩手県宮古市八木沢三丁目,0
宮城県伊具郡丸森町舘矢間松掛窪田,0
熊本県熊本市北区下硯川二丁目,0
兵庫県朝来市和田山町竹田川原町,0
北海道北見市北八条西一丁目,0
北海道旭川市豊岡一条七丁目,0
北海道雨竜郡沼田町本通五丁目,0
広島県世羅郡世羅町大字小国,0
東京都世田谷区船橋一丁目,0
愛知県一宮市今伊勢町宮後壱丁野,0
熊本県熊本市南区野口一丁目,0
兵庫県神戸市中央区栄町通七丁目,0
福岡県大野城市白木原四丁目,0
沖縄県中頭郡西原町上原二丁目,0
埼玉県加須市愛宕一丁目,0
愛媛県松山市北土居二丁目,0
群馬県前橋市前箱田町二丁目,0
福島県いわき市四倉町大森民野町,0
秋田県鹿角市十和田毛馬内赤冗,0
兵庫県神戸市須磨区妙法寺薮中ノ下,0
和歌山県田辺市九川,0
北海道札幌市北区北三十九条西三丁目,0
北海道札幌市東区北十七条東十四丁目,0
岩手県盛岡市大ケ生二十五地割,0
栃木県宇都宮市陽東八丁目,0
兵庫県加古川市別府町新野辺北町一丁目,0
愛知県額田郡幸田町大字久保田社口,0
広島県広島市南区東雲一丁目,0
石川県七尾市中挟町リ,0
福岡県筑紫野市杉塚三丁目,0
福岡県北九州市八幡西区穴生三丁目,0
愛知県一宮市萩原町西御堂西赤口,0
北海道千歳市自由ケ丘三丁目,0
北海道釧路市阿寒町上阿寒十九線,0
大阪府八尾市楽音寺三丁目,0
大阪府高石市羽衣四丁目,0
三重県名張市つつじが丘北二番町,0
秋田県大館市二井田杉苗出,0
北海道千歳市栄町四丁目,0
宮城県加美郡加美町四日市場鼓田,0
千葉県銚子市栄町三丁目,0
山形県山形市小白川町二丁目,0
福島県二本松市原セ日照田,0
北海道旭川市本町二丁目,0
愛知県豊川市国府町寒若寺,0
岩手県久慈市小久慈町第五十一地割,0
北海道札幌市手稲区富丘四条五丁目,0
福島県喜多方市熱塩加納町加納鷲田境,0
富山県射水市中太閤山十四丁目,0
北海道標津郡中標津町西一条南四丁目,0
岐阜県可児市若葉台四丁目,0
愛知県西尾市富山町於三,0
愛知県西尾市西奥田町四丁目,0
愛知県愛西市藤ケ瀬町東沼,0
兵庫県三木市口吉川町槇,0
秋田県秋田市太平中関二番片貝沢,0
山形県山形市印役町五丁目,0
北海道赤平市幸町二丁目,0
福岡県福岡市南区弥永一丁目,0
青森県三戸郡階上町蒼前西三丁目,0
大阪府大阪市住之江区平林北一丁目,0
山梨県西八代郡市川三郷町山保,0
愛知県半田市岩滑西町三丁目,0
兵庫県宝塚市逆瀬台二丁目,0
愛媛県宇和島市本九島,0
熊本県熊本市南区合志一丁目,0
北海道旭川市神楽岡二条六丁目,0
新潟県燕市分水旭町三丁目,0
兵庫県姫路市龍野町一丁目,0
北海道上川郡清水町北一条八丁目,0
岩手県久慈市小久慈町第四十三地割,0
岩手県二戸郡一戸町楢山平船,0
福岡県北九州市八幡西区里中一丁目,0
愛知県あま市森二丁目,0
愛知県一宮市開明新田沼,0
北海道河東郡音更町新通四丁目,0
青森県八戸市大字鮫町山四郎蒔目,0
沖縄県沖縄市胡屋六丁目,0
青森県十和田市元町東五丁目,0
石川県七尾市万行町二,0
岩手県胆沢郡金ケ崎町西根石田,0
愛知県半田市白山町二丁目,0
北海道幌泉郡えりも町字本町,0
滋賀県大津市瀬田一丁目,0
宮城県宮城郡松島町手樽中沢,0
兵庫県高砂市荒井町蓮池一丁目,0
北海道網走市南四条東一丁目,0
高知県香美市土佐山田町宝町三丁目,0
北海道上川郡当麻町三条西二丁目,0
熊本県八代市郡築十番町,0
石川県金沢市塚崎町ワ,0
埼玉県戸田市早瀬二丁目,0
新潟県長岡市四郎丸二丁目,0
愛知県一宮市木曽川町黒田奥屋敷,0
北海道札幌市豊平区月寒東二条二十丁目,0
奈良県香芝市関屋北一丁目,0
三重県名張市百合が丘西三番町,0
岐阜県岐阜市加納城南通三丁目,0
北海道茅部郡森町字石倉町,0
東京都練馬区光が丘七丁目,0
埼玉県和光市下新倉四丁目,0
石川県加賀市大聖寺三ツ町ワ,0
愛知県愛西市日置町六反畑,0
愛媛県宇和島市三間町金銅,0
北海道千歳市北陽五丁目,0
福島県白河市旗宿茂ケ崎,0
北海道標津郡中標津町西十条北九丁目,0
石川県加賀市別所町三丁目,0
神奈川県川崎市麻生区細山五丁目,0
栃木県宇都宮市五代一丁目,0
岡山県岡山市北区東古松二丁目,0
宮城県栗原市築館照越狼ノ穴沢,0
石川県金沢市塚崎町ニ,0
岐阜県岐阜市入舟町三丁目,0
北海道旭川市西神楽三線九号,0
愛知県津島市中一色町中山,0
北海道砂川市西六条北十四丁目,0
愛知県西尾市一色町治明,0
山形県寒河江市本楯四丁目,0
宮城県黒川郡大和町落合松坂柿ノ木,0
石川県能美市浜町ワ,0
福岡県北九州市小倉南区葛原東六丁目,0
北海道釧路市音別町海光二丁目,0
宮城県仙台市宮城野区榴岡一丁目,0
石川県七尾市津向町ロ,0
兵庫県神戸市中央区山本通一丁目,0
青森県三沢市東岡三沢一丁目,0
福岡県北九州市小倉南区長尾一丁目,0
宮城県刈田郡蔵王町大字小村崎二本木,0
兵庫県美方郡香美町香住区三谷,0
北海道上川郡新得町本通南二丁目,0
愛知県知多郡武豊町字緑台二丁目,0
埼玉県越谷市弥栄町四丁目,0
神奈川県川崎市宮前区有馬四丁目,0
愛知県知多郡東浦町大字緒川大薮,0
北海道札幌市手稲区富丘二条五丁目,0
愛知県海部郡蟹江町西之森七丁目,0
福岡県糸島市二丈波呂,0
岡山県赤磐市桜が丘西三丁目,0
北海道檜山郡江差町字上野町,0
福島県郡山市三穂田町山口西ノ作山,0
岐阜県岐阜市長良一丁目,0
大阪府寝屋川市池田三丁目,0
北海道釧路市阿寒町上仁々志別三十六線,0
福島県いわき市久之浜町久之浜北荒蒔,0
北海道札幌市東区北十六条東十七丁目,0
岩手県胆沢郡金ケ崎町六原東町,0
福島県相馬郡新地町駒ケ嶺大沢北,0
岩手県花巻市高松第三地割,0
福島県耶麻郡猪苗代町大字山潟四ツヲサ,0
岐阜県各務原市鵜沼川崎町二丁目,0
青森県八戸市大字是川街道端,0
秋田県湯沢市八幡中島,0
福島県いわき市常磐藤原町小砂田,0
宮城県刈田郡蔵王町大字平沢南道場,0
宮城県岩沼市押分与奈,0
福岡県北九州市小倉南区上曽根二丁目,0
北海道標津郡中標津町東二十三条北六丁目,0
岐阜県多治見市光ケ丘二丁目,0
北海道上川郡清水町字羽帯南十二線,0
秋田県能代市二ツ井町田代,0
岩手県盛岡市大ケ生二十一地割,0
広島県三原市長谷四丁目,0
愛知県一宮市開明郷中,0
宮城県仙台市泉区実沢下原東屋敷,0
愛知県名古屋市昭和区天神町一丁目,0
兵庫県三田市けやき台三丁目,0
神奈川県横浜市神奈川区子安台一丁目,0
福岡県福岡市東区香椎浜一丁目,0
福島県東白川郡棚倉町大字仁公儀塚田,0
福島県郡山市熱海町安子島上河原,0
北海道士別市東四条十九丁目,0
東京都練馬区大泉学園町三丁目,0
大阪府泉佐野市羽倉崎上町一丁目,0
北海道標津郡中標津町西五条南七丁目,0
鹿児島県大島郡瀬戸内町大字押角,0
兵庫県高砂市神爪六丁目,0
秋田県横手市雄物川町沼館昼飯塚,0
東京都羽村市富士見平二丁目,0
愛媛県松山市今在家一丁目,0
東京都東久留米市小山一丁目,0
兵庫県南あわじ市八木国分,0
京都府京都市伏見区深草一ノ坪町,0
宮城県仙台市青葉区高野原二丁目,0
福岡県福岡市南区皿山一丁目,0
宮城県仙台市泉区高森二丁目,0
愛知県稲沢市祖父江町拾町野猿尾北,0
兵庫県神戸市北区鈴蘭台南町四丁目,0
兵庫県神戸市東灘区西岡本四丁目,0
山形県山形市瀬波三丁目,0
北海道札幌市北区北十九条西八丁目,0
北海道石狩市緑苑台東二条一丁目,0
兵庫県神戸市兵庫区水木通六丁目,0
青森県弘前市大字一町田村元,0
奈良県宇陀市榛原天満台東一丁目,0
長崎県長崎市愛宕三丁目,0
北海道旭川市神楽五条二丁目,0
岐阜県岐阜市芥見二丁目,0
神奈川県川崎市宮前区鷺沼一丁目,0
大阪府枚方市杉一丁目,0
奈良県五條市田園四丁目,0
和歌山県和歌山市西小二里二丁目,0
愛知県知多郡南知多町大字内海森越,0
北海道札幌市東区北三十七条東五丁目,0
石川県かほく市松浜ホ,0
愛知県西尾市鵜ケ池町中屋敷,0
北海道苫前郡羽幌町南七条四丁目,0
大阪府大阪市大正区小林東一丁目,0
北海道帯広市大通南十四丁目,0
青森県三戸郡田子町字平成田,0
鹿児島県薩摩郡さつま町西新町,0
北海道旭川市神楽岡十四条九丁目,0
愛知県名古屋市緑区大高町三番割,0
北海道帯広市西六条北七丁目,0
徳島県美馬郡つるぎ町貞光宮下,0
大阪府大阪市西成区梅南二丁目,0
大阪府富田林市楠風台二丁目,0
愛知県江南市曽本町二子前,0
福島県いわき市植田町館山,0
北海道河西郡中札内村東五条南五丁目,0
岡山県岡山市東区瀬戸町二日市,0
愛知県あま市下萱津宝,0
高知県高知市春野町南ケ丘六丁目,0
宮城県大崎市古川稲葉一本橋,0
秋田県大館市根下戸小館花尻,0
神奈川県相模原市緑区相原二丁目,0
広島県呉市広町田二丁目,0
愛知県知多市南粕谷新海一丁目,0
愛知県北名古屋市六ツ師北屋敷,0
三重県伊賀市服部町一丁目,0
北海道石狩市花川南一条四丁目,0
大阪府守口市八雲西町四丁目,0
京都府八幡市八幡長田,0
青森県八戸市大字上野大平森,0
福島県西白河郡泉崎村大字関和久瀬知房,0
愛知県西尾市吉良町乙川西大山,0
北海道旭川市南六条通二十一丁目,0
神奈川県茅ヶ崎市本村四丁目,0
岩手県花巻市小瀬川第十三地割,0
北海道旭川市東光二十条八丁目,0
北海道空知郡上富良野町西町一丁目,0
神奈川県横浜市都筑区荏田南五丁目,0
東京都羽村市富士見平三丁目,0
愛知県名古屋市緑区清水山一丁目,0
岩手県岩手郡雫石町南畑第三十地割,0
北海道札幌市東区北四十九条東二丁目,0
愛媛県松山市枝松三丁目,0
愛知県一宮市柚木颪郷中,0
富山県高岡市駅南二丁目,0
沖縄県那覇市首里崎山町一丁目,0
埼玉県熊谷市末広三丁目,0
宮城県白石市大平坂谷樋ノ口,0
東京都小平市美園町三丁目,0
福島県いわき市薄磯二丁目,0
岐阜県各務原市大野町七丁目,0
愛知県一宮市大毛高木,0
宮城県角田市佐倉諏訪脇北,0
兵庫県洲本市海岸通一丁目,0
愛知県豊橋市佐藤二丁目,0
岩手県紫波郡紫波町片寄久保田前,0
神奈川県相模原市中央区矢部二丁目,0
福岡県北九州市小倉北区須賀町,0
宮城県加美郡加美町字一本杉,0
福島県喜多方市字五百苅,0
愛知県みよし市福谷町宮ノ前,0
東京都立川市砂川町五丁目,0
岩手県滝沢市大沢五郎沢,0
秋田県由利本荘市葛法砂吐,0
埼玉県八潮市大字伊勢野,0
北海道留萌市見晴町三丁目,0
奈良県橿原市南八木町二丁目,0
三重県桑名市多度町美鹿,0
愛知県一宮市木曽川町黒田勘治西,0
兵庫県川西市けやき坂三丁目,0
秋田県秋田市四ツ小屋小阿地上野,0
福島県いわき市江名寺作,0
埼玉県久喜市吉羽四丁目,0
千葉県市川市塩浜一丁目,0
千葉県浦安市東野二丁目,0
愛知県岩倉市八剱町赤山,0
青森県八戸市桔梗野工業団地一丁目,0
北海道厚岸郡厚岸町奔渡二丁目,0
石川県金沢市泉本町六丁目,0
山形県東根市若木二条通り,0
兵庫県朝来市和田山町比治庄ノ前,0
福島県郡山市逢瀬町河内四十内,0
愛知県春日井市上条町四丁目,0
愛知県丹羽郡扶桑町大字柏森乙寺裏,0
長野県松本市浅間温泉三丁目,0
新潟県長岡市宝一丁目,0
和歌山県和歌山市舟津町二丁目,0
青森県八戸市南白山台一丁目,0
埼玉県鴻巣市三町免,0
愛知県愛知郡東郷町大字春木南岡ノ上,0
宮城県白石市福岡八宮坂町,0
東京都日野市南平三丁目,0
宮城県黒川郡大和町吉田童子沢,0
千葉県柏市みどり台二丁目,0
愛知県額田郡幸田町大字大草八ツ面,0
山形県尾花沢市上町一丁目,0
兵庫県神戸市西区美賀多台六丁目,0
兵庫県川西市多田院敦盛,0
宮城県仙台市宮城野区鶴ケ谷五丁目,0
三重県伊勢市神久四丁目,0
東京都文京区根津二丁目,0
北海道石狩市花川北一条六丁目,0
愛知県刈谷市小山町三丁目,0
福島県双葉郡大熊町大字熊錦台,0
神奈川県厚木市毛利台一丁目,0
東京都豊島区駒込五丁目,0
愛知県一宮市大和町馬引西出,0
愛知県丹羽郡大口町大字小口宮之前,0
秋田県にかほ市芹田家ノ後,0
青森県八戸市大字妙,0
埼玉県春日部市備後東五丁目,0
広島県江田島市江田島町大須一丁目,0
岡山県岡山市東区西大寺五明,0
大阪府大阪市住之江区南港東四丁目,0
北海道夕張郡栗山町松風三丁目,0
宮城県宮城郡七ヶ浜町吉田浜台,0
佐賀県伊万里市二里町中里乙,0
千葉県松戸市五香南二丁目,0
愛知県名古屋市中川区北江町二丁目,0
大阪府箕面市箕面三丁目,0
京都府船井郡京丹波町富田タカヤ,0
愛知県豊田市西広瀬町四日市,0
石川県白山市明島町ウ,0
奈良県五條市野原中一丁目,0
岩手県盛岡市菜園二丁目,0
秋田県能代市吹越下悪戸,0
愛知県名古屋市昭和区荒田町二丁目,0
北海道札幌市手稲区新発寒二条四丁目,0
大阪府大阪市住之江区御崎二丁目,0
愛知県知多郡美浜町大字野間南高峠,0
広島県呉市二河町,0
北海道旭川市永山三条十丁目,0
愛知県碧南市小屋下町一丁目,0
青森県三戸郡階上町大字金山沢新田,0
兵庫県朝来市和田山町竹田外川原,0
千葉県市川市福栄四丁目,0
福島県伊達郡桑折町大字北半田御免町,0
三重県鈴鹿市野辺二丁目,0
福島県伊達郡川俣町大字東福沢六百田,0
北海道帯広市西六条北一丁目,0
島根県隠岐郡隠岐の島町西町名田の五,0
愛知県名古屋市中川区松葉町二丁目,0
千葉県船橋市高根台三丁目,0
岐阜県岐阜市野一色四丁目,0
三重県桑名市野田三丁目,0
新潟県南魚沼市六日町学校町,0
岩手県宮古市崎鍬ヶ崎第七地割,0
岩手県北上市和賀町煤孫十二地割,0
大阪府堺市堺区戎島町四丁,0
山口県周南市桜馬場通三丁目,0
兵庫県伊丹市奥畑一丁目,0
北海道標津郡標津町南二条西五丁目,0
茨城県ひたちなか市大字三反田,0
三重県松阪市嬉野矢下町,0
宮城県柴田郡柴田町船岡土手内一丁目,0
北海道帯広市西二十二条北五丁目,0
北海道札幌市豊平区月寒東五条十五丁目,0
北海道上川郡当麻町北星三区,0
岐阜県郡上市八幡町肴町,0
愛知県一宮市三条西蛭子,0
石川県小松市戸津町に,0
愛知県蒲郡市三谷町東三丁目,0
埼玉県草加市新栄一丁目,0
愛知県一宮市千秋町浅野羽根南斉宮寺,0
三重県津市藤方,0
秋田県横手市平鹿町中吉田和村東,0
奈良県五條市野原西四丁目,0
北海道士別市東八条北四丁目,0
福島県東白川郡棚倉町大字流豊先,0
愛知県名古屋市昭和区菊園町四丁目,0
宮城県柴田郡大河原町福田米蔵,0
東京都江東区越中島二丁目,0
岐阜県大垣市川口三丁目,0
大阪府東大阪市稲田三島町,0
岩手県二戸市仁左平小山,0
福島県双葉郡浪江町大字大堀板木,0
石川県小松市日末町そ,0
愛知県豊橋市神野新田町サノ割,0
大阪府大阪狭山市今熊一丁目,0
京都府京都市北区上賀茂六段田町,0
三重県熊野市育生町長井,0
福島県河沼郡会津坂下町大字坂本家ノ下丁,0
愛知県一宮市開明北屋敷,0
愛知県春日井市鷹来町一丁目,0
北海道苫小牧市三光町六丁目,0
山形県寒河江市大字寒河江樋ノ口,0
石川県能美市大浜町フ,0
愛知県西尾市一色町治明北通縄,0
福島県郡山市片平町サラメキ,0
青森県五所川原市大字飯詰,0
埼玉県桶川市下日出谷西二丁目,0
奈良県吉野郡天川村大字沖金,0
北海道上川郡清水町字旭山西一号,0
神奈川県小田原市城山一丁目,0
北海道帯広市西十二条南九丁目,0
愛知県弥富市鳥ケ地一丁目,0
秋田県秋田市河辺戸島三嶽,0
北海道中川郡美深町東一条南八丁目,0
福島県本宮市糠沢二斗内,0
山梨県甲府市里吉三丁目,0
石川県羽咋市兵庫町ル,0
愛知県海部郡蟹江町大字須成五明,0
山形県尾花沢市大字六沢,0
千葉県流山市東初石四丁目,0
福島県いわき市小名浜大原軽井崎,0
神奈川県相模原市中央区由野台三丁目,0
愛媛県今治市波止浜一丁目,0
福岡県福岡市東区名島一丁目,0
北海道砂川市西五条北六丁目,0
青森県三戸郡五戸町大字浅水佐野,0
愛知県稲沢市梅須賀町東切,0
埼玉県熊谷市赤城町一丁目,0
山口県下関市彦島西山町四丁目,0
大阪府摂津市鳥飼西二丁目,0
宮城県遠田郡美里町牛飼阿弥陀,0
福島県いわき市勿来町窪田内城,0
岩手県紫波郡紫波町大巻花立,0
岩手県北上市下鬼柳四地割,0
秋田県横手市十文字町越前大堰端,0
兵庫県朝来市和田山町殿長田,0
埼玉県新座市片山三丁目,0
宮崎県宮崎市小松台東二丁目,0
福井県福井市舟橋新一丁目,0
福島県西白河郡西郷村大字真船カロウト,0
愛知県西尾市一色町味浜成輪,0
北海道天塩郡豊富町字豊富東四条五丁目,0
和歌山県和歌山市雄松町五丁目,0
福島県いわき市小名浜後宿,0
広島県三次市作木町岡三渕,0
岐阜県郡上市八幡町五町四丁目,0
岐阜県羽島郡岐南町徳田三丁目,0
福島県耶麻郡猪苗代町大字若宮東道北甲,0
兵庫県神戸市須磨区飛松町四丁目,0
愛知県新城市八名井西川原,0
愛知県東海市高横須賀町浅間,0
